P_sto,P_load_sp,P_shed,P_load,P_sun,P_curt,P_pv,P_grid,C_grid
0.02397790084148889,17.01703333333333,0.0,17.01703333333333,15.604102564102572,2.148381888388692,13.455720675713852,3.5852905584609456,0.514780397219308
