P_sto,P_load_sp,P_shed,P_load,P_sun,P_curt,P_pv,P_grid,C_grid
0.025043624500054998,17.01703333333333,0.0,17.01703333333333,15.604102564102572,2.6070079367600982,12.99709462734245,4.044982330490921,0.523358987751538
