P_sto,P_load_sp,P_shed,P_load,P_sun,P_curt,P_pv,P_grid,C_grid
0.025043624500054668,17.01703333333333,0.0,17.01703333333333,15.604102564102572,2.607172575068713,12.996929989033843,4.04514696879953,0.5233411813777946
