P_sto,P_load_sp,P_shed,P_load,P_sun,P_curt,P_pv,P_grid,C_grid
0.0251333333,17.0170333,0,17.0170333,15.6041026,2.94407725,12.6600253,4.38214136,0.271712647
