P_sto,P_load_sp,P_shed,P_load,P_sun,P_curt,P_pv,P_grid,C_grid
0.0251333333,17.0170333,0,17.0170333,15.6041026,1.93995385,13.6641487,3.37801795,0.176866795
