P_sto,P_load_sp,P_shed,P_load,P_sun,P_curt,P_pv,P_grid,C_grid
0.025133333333333317,17.017033333333334,0.0,17.017033333333334,15.604102564102561,1.939953846153846,13.664148717948716,3.378017948717949,0.5633069230769231
