P_sto,P_load_sp,P_shed,P_load,P_sun,P_curt,P_pv,P_grid,C_grid
0,17.017033333333337,0,17.017033333333337,15.604102564102561,1.9650871794871794,13.639015384615384,3.378017948717949,0.35373358974358976
