P_sto,P_load_sp,P_shed,P_load,P_sun,P_curt,P_pv,P_grid,C_grid
0,17.017033333333337,0,17.017033333333337,15.604102564102561,5.324621670802317,10.279480893300248,6.737552440033086,1.0164269975186104
