P_sto,P_load_sp,P_shed,P_load,P_sun,P_curt,P_pv,P_grid,C_grid
0.0,17.017033333333334,0.0,17.017033333333334,15.604102564102561,5.314030272952856,10.29007229114971,6.726961042183623,1.0153678577336642
