P_sto,P_load_sp,P_shed,P_load,P_sun,P_curt,P_pv,P_grid,C_grid
0.02513333333333342,17.017033333333334,0.0,17.017033333333334,15.604102564102561,1.970851282051282,13.63325128205128,3.4089153846153852,0.5223351282051283
