P_sto,P_load_sp,P_shed,P_load,P_sun,P_curt,P_pv,P_grid,C_grid
0.025133333333333445,17.017033333333334,0.0,17.017033333333334,15.604102564102561,2.140506203473945,13.463596360628616,3.5785703060380483,0.5086006782464847
