P_sto,P_load_sp,P_shed,P_load,P_sun,P_curt,P_pv,P_grid,C_grid
0.02513333333333305,17.01703333333333,0.0,17.01703333333333,15.604102564102572,2.347910256410257,13.256192307692304,3.7859743589743613,0.5121031269841267
