P_sto,P_load_sp,P_shed,P_load,P_sun,P_curt,P_pv,P_grid,C_grid
0.025133333333333348,17.01703333333333,0.0,17.01703333333333,15.604102564102572,1.9399538461538453,13.66414871794871,3.378017948717949,0.5633069230769226
